record_id;redcap_repeat_instrument;redcap_repeat_instance;redcap_survey_identifier;morgendliches_schlaftagebuch_timestamp;bedtime;sleep;sleepdelay;awakenings;awake_duration;offset;out_ofbed;sleepquality;comments;daytype2;uuid;startdate;enddate;scheduledate;status;supplementaldata;serializedresult;morgendliches_schlaftagebuch_complete
16;;;BAUA_S016;;;;;;;;;;;;;;;;;;;
16;morgendliches_schlaftagebuch;1;BAUA_S016;[not completed];;;;;;;;;;;;;;;;;;0
16;morgendliches_schlaftagebuch;2;;;22.07.2025 21:45;22.07.2025 21:45;15;1;10;23.07.2025 05:55;23.07.2025 06:00;4;Nein;2;65203A40-6779-11F0-9066-4124677A51CD;23.07.2025 05:59;23.07.2025 06:02;23.07.2025;1;"{    ""devicemanufacturer"": ""Apple"",    ""deviceplatform"": ""iOS"",    ""deviceversion"": ""18.5"",    ""syncdate"": ""2025-07-23 06:02:36"",    ""utcTime"": ""2025-07-23 03:59:13.380605Z"",    ""projectLanguageSelected"": ""en-US"",    ""timezone"": ""CEST"",    ""appversion"": ""2.3.5"",    ""buildnumber"": ""180"",    ""configversion"": ""1"",    ""devicemodel"": ""iPhone14,5"",    ""percentComplete"": ""100""  }";result.zip;0
16;morgendliches_schlaftagebuch;3;;;23.07.2025 21:45;23.07.2025 21:45;5;0;0;24.07.2025 05:57;24.07.2025 05:57;4;nein;2;9B4BED20-6842-11F0-ACF1-D5056657F5B0;24.07.2025 05:59;24.07.2025 06:01;24.07.2025;1;"{    ""devicemanufacturer"": ""Apple"",    ""deviceplatform"": ""iOS"",    ""deviceversion"": ""18.5"",    ""syncdate"": ""2025-07-24 06:01:16"",    ""utcTime"": ""2025-07-24 03:59:33.106726Z"",    ""projectLanguageSelected"": ""en-US"",    ""timezone"": ""CEST"",    ""appversion"": ""2.3.5"",    ""buildnumber"": ""180"",    ""configversion"": ""1"",    ""devicemodel"": ""iPhone14,5"",    ""percentComplete"": ""100""  }";result.zip;0
16;morgendliches_schlaftagebuch;4;;;24.07.2025 21:35;24.07.2025 21:35;5;0;0;25.07.2025 05:55;25.07.2025 05:57;4;Nein;2;17B1D5E0-690C-11F0-ABAB-39606E4E41D2;25.07.2025 06:01;25.07.2025 06:03;25.07.2025;1;"{    ""devicemanufacturer"": ""Apple"",    ""deviceplatform"": ""iOS"",    ""deviceversion"": ""18.5"",    ""syncdate"": ""2025-07-25 06:03:25"",    ""utcTime"": ""2025-07-25 04:01:50.654488Z"",    ""projectLanguageSelected"": ""en-US"",    ""timezone"": ""CEST"",    ""appversion"": ""2.3.5"",    ""buildnumber"": ""180"",    ""configversion"": ""1"",    ""devicemodel"": ""iPhone14,5"",    ""percentComplete"": ""100""  }";result.zip;0
16;morgendliches_schlaftagebuch;5;;;25.07.2025 22:20;25.07.2025 22:22;5;0;0;26.07.2025 07:30;26.07.2025 07:30;4;Nein;1;80801B50-69E2-11F0-A353-2FCC85B1C63E;26.07.2025 07:36;26.07.2025 07:38;26.07.2025;1;"{    ""devicemanufacturer"": ""Apple"",    ""deviceplatform"": ""iOS"",    ""deviceversion"": ""18.5"",    ""syncdate"": ""2025-07-26 07:38:16"",    ""utcTime"": ""2025-07-26 05:36:38.789903Z"",    ""projectLanguageSelected"": ""en-US"",    ""timezone"": ""CEST"",    ""appversion"": ""2.3.5"",    ""buildnumber"": ""180"",    ""configversion"": ""1"",    ""devicemodel"": ""iPhone14,5"",    ""percentComplete"": ""100""  }";result.zip;0
16;morgendliches_schlaftagebuch;6;;;26.07.2025 22:40;26.07.2025 22:40;5;0;0;27.07.2025 08:16;27.07.2025 08:21;5;Nein;1;B5C3A960-6AB1-11F0-A5A8-E714DC92C800;27.07.2025 08:19;27.07.2025 08:21;27.07.2025;1;"{    ""devicemanufacturer"": ""Apple"",    ""deviceplatform"": ""iOS"",    ""deviceversion"": ""18.5"",    ""syncdate"": ""2025-07-27 08:21:17"",    ""utcTime"": ""2025-07-27 06:19:53.974397Z"",    ""projectLanguageSelected"": ""en-US"",    ""timezone"": ""CEST"",    ""appversion"": ""2.3.5"",    ""buildnumber"": ""180"",    ""configversion"": ""1"",    ""devicemodel"": ""iPhone14,5"",    ""percentComplete"": ""100""  }";result.zip;0
16;morgendliches_schlaftagebuch;7;;;27.07.2025 22:05;27.07.2025 22:05;15;0;0;28.07.2025 05:55;28.07.2025 05:57;4;Nein;2;6F980550-6B68-11F0-BCE1-6B304A2DD8F8;28.07.2025 06:07;28.07.2025 06:09;28.07.2025;1;"{    ""devicemanufacturer"": ""Apple"",    ""deviceplatform"": ""iOS"",    ""deviceversion"": ""18.5"",    ""syncdate"": ""2025-07-28 06:09:05"",    ""utcTime"": ""2025-07-28 04:07:54.149135Z"",    ""projectLanguageSelected"": ""en-US"",    ""timezone"": ""CEST"",    ""appversion"": ""2.3.5"",    ""buildnumber"": ""180"",    ""configversion"": ""1"",    ""devicemodel"": ""iPhone14,5"",    ""percentComplete"": ""100""  }";result.zip;0
16;morgendliches_schlaftagebuch;8;;;28.07.2025 21:30;28.07.2025 21:35;15;1;10;29.07.2025 05:55;29.07.2025 05:57;3;nein;2;C14FFC40-6C30-11F0-8BD2-2F321B1FBA83;29.07.2025 06:01;29.07.2025 06:03;29.07.2025;1;"{    ""devicemanufacturer"": ""Apple"",    ""deviceplatform"": ""iOS"",    ""deviceversion"": ""18.5"",    ""syncdate"": ""2025-07-29 06:03:51"",    ""utcTime"": ""2025-07-29 04:01:50.596492Z"",    ""projectLanguageSelected"": ""en-US"",    ""timezone"": ""CEST"",    ""appversion"": ""2.3.5"",    ""buildnumber"": ""180"",    ""configversion"": ""1"",    ""devicemodel"": ""iPhone14,5"",    ""percentComplete"": ""100""  }";result.zip;0
